,_v,_id,avatar.public_id,avatar.url,createdAt,email,name,password,role
0,0,0,https://source.unsplash.com/random/800x800/?img=1,https://source.unsplash.com/random/800x800/?img=1,2022-03-7T21:20:25.9z,test0@localhost.com,test0,test0@123,admin
1,0,1,https://source.unsplash.com/random/800x800/?img=1,https://source.unsplash.com/random/800x800/?img=1,2022-07-10T20:25:53.4z,test1@localhost.com,test1,test1@123,merchant
2,0,2,https://source.unsplash.com/random/800x800/?img=1,https://source.unsplash.com/random/800x800/?img=1,2022-05-7T6:4:9.3z,test2@localhost.com,test2,test2@123,guest
3,0,3,https://source.unsplash.com/random/800x800/?img=1,https://source.unsplash.com/random/800x800/?img=1,2022-05-1T16:15:8.20z,test3@localhost.com,test3,test3@123,buyer
4,0,4,https://source.unsplash.com/random/800x800/?img=1,https://source.unsplash.com/random/800x800/?img=1,2022-08-9T14:19:18.18z,test4@localhost.com,test4,test4@123,merchant
5,0,5,https://source.unsplash.com/random/800x800/?img=1,https://source.unsplash.com/random/800x800/?img=1,2022-06-9T2:45:28.17z,test5@localhost.com,test5,test5@123,seller
6,0,6,https://source.unsplash.com/random/800x800/?img=1,https://source.unsplash.com/random/800x800/?img=1,2022-02-16T15:18:56.4z,test6@localhost.com,test6,test6@123,buyer
7,0,7,https://source.unsplash.com/random/800x800/?img=1,https://source.unsplash.com/random/800x800/?img=1,2022-08-6T21:23:32.16z,test7@localhost.com,test7,test7@123,buyer
8,0,8,https://source.unsplash.com/random/800x800/?img=1,https://source.unsplash.com/random/800x800/?img=1,2022-07-4T19:12:53.19z,test8@localhost.com,test8,test8@123,merchant
9,0,9,https://source.unsplash.com/random/800x800/?img=1,https://source.unsplash.com/random/800x800/?img=1,2022-04-19T9:57:52.11z,test9@localhost.com,test9,test9@123,seller
10,0,10,https://source.unsplash.com/random/800x800/?img=1,https://source.unsplash.com/random/800x800/?img=1,2022-05-7T7:2:12.4z,test10@localhost.com,test10,test10@123,moderator
11,0,11,https://source.unsplash.com/random/800x800/?img=1,https://source.unsplash.com/random/800x800/?img=1,2022-05-28T5:12:39.10z,test11@localhost.com,test11,test11@123,buyer
12,0,12,https://source.unsplash.com/random/800x800/?img=1,https://source.unsplash.com/random/800x800/?img=1,2022-06-5T21:18:29.3z,test12@localhost.com,test12,test12@123,moderator
13,0,13,https://source.unsplash.com/random/800x800/?img=1,https://source.unsplash.com/random/800x800/?img=1,2022-01-16T18:35:50.25z,test13@localhost.com,test13,test13@123,moderator
14,0,14,https://source.unsplash.com/random/800x800/?img=1,https://source.unsplash.com/random/800x800/?img=1,2022-01-28T12:32:23.19z,test14@localhost.com,test14,test14@123,admin
15,0,15,https://source.unsplash.com/random/800x800/?img=1,https://source.unsplash.com/random/800x800/?img=1,2022-06-24T15:11:25.3z,test15@localhost.com,test15,test15@123,merchant
16,0,16,https://source.unsplash.com/random/800x800/?img=1,https://source.unsplash.com/random/800x800/?img=1,2022-07-7T9:10:5.27z,test16@localhost.com,test16,test16@123,moderator
17,0,17,https://source.unsplash.com/random/800x800/?img=1,https://source.unsplash.com/random/800x800/?img=1,2022-05-18T14:24:56.23z,test17@localhost.com,test17,test17@123,merchant
18,0,18,https://source.unsplash.com/random/800x800/?img=1,https://source.unsplash.com/random/800x800/?img=1,2022-04-25T5:37:26.26z,test18@localhost.com,test18,test18@123,moderator
19,0,19,https://source.unsplash.com/random/800x800/?img=1,https://source.unsplash.com/random/800x800/?img=1,2022-05-14T10:30:42.25z,test19@localhost.com,test19,test19@123,merchant
20,0,20,https://source.unsplash.com/random/800x800/?img=1,https://source.unsplash.com/random/800x800/?img=1,2022-02-25T17:35:17.5z,test20@localhost.com,test20,test20@123,admin
21,0,21,https://source.unsplash.com/random/800x800/?img=1,https://source.unsplash.com/random/800x800/?img=1,2022-07-16T1:59:8.5z,test21@localhost.com,test21,test21@123,merchant
22,0,22,https://source.unsplash.com/random/800x800/?img=1,https://source.unsplash.com/random/800x800/?img=1,2022-08-17T13:17:23.14z,test22@localhost.com,test22,test22@123,merchant
23,0,23,https://source.unsplash.com/random/800x800/?img=1,https://source.unsplash.com/random/800x800/?img=1,2022-03-7T17:45:41.11z,test23@localhost.com,test23,test23@123,guest
24,0,24,https://source.unsplash.com/random/800x800/?img=1,https://source.unsplash.com/random/800x800/?img=1,2022-01-5T14:53:37.20z,test24@localhost.com,test24,test24@123,moderator
25,0,25,https://source.unsplash.com/random/800x800/?img=1,https://source.unsplash.com/random/800x800/?img=1,2022-08-6T7:14:15.20z,test25@localhost.com,test25,test25@123,merchant
26,0,26,https://source.unsplash.com/random/800x800/?img=1,https://source.unsplash.com/random/800x800/?img=1,2022-01-3T10:32:11.3z,test26@localhost.com,test26,test26@123,merchant
27,0,27,https://source.unsplash.com/random/800x800/?img=1,https://source.unsplash.com/random/800x800/?img=1,2022-06-10T11:3:37.21z,test27@localhost.com,test27,test27@123,admin
28,0,28,https://source.unsplash.com/random/800x800/?img=1,https://source.unsplash.com/random/800x800/?img=1,2022-08-8T2:46:38.8z,test28@localhost.com,test28,test28@123,seller
29,0,29,https://source.unsplash.com/random/800x800/?img=1,https://source.unsplash.com/random/800x800/?img=1,2022-02-3T19:16:15.3z,test29@localhost.com,test29,test29@123,merchant
30,0,30,https://source.unsplash.com/random/800x800/?img=1,https://source.unsplash.com/random/800x800/?img=1,2022-02-1T4:2:42.17z,test30@localhost.com,test30,test30@123,guest
31,0,31,https://source.unsplash.com/random/800x800/?img=1,https://source.unsplash.com/random/800x800/?img=1,2022-03-1T9:43:45.12z,test31@localhost.com,test31,test31@123,guest
32,0,32,https://source.unsplash.com/random/800x800/?img=1,https://source.unsplash.com/random/800x800/?img=1,2022-08-11T4:40:23.3z,test32@localhost.com,test32,test32@123,moderator
33,0,33,https://source.unsplash.com/random/800x800/?img=1,https://source.unsplash.com/random/800x800/?img=1,2022-02-22T11:46:16.25z,test33@localhost.com,test33,test33@123,guest
34,0,34,https://source.unsplash.com/random/800x800/?img=1,https://source.unsplash.com/random/800x800/?img=1,2022-01-24T10:38:53.18z,test34@localhost.com,test34,test34@123,merchant
35,0,35,https://source.unsplash.com/random/800x800/?img=1,https://source.unsplash.com/random/800x800/?img=1,2022-02-21T20:35:3.14z,test35@localhost.com,test35,test35@123,moderator
36,0,36,https://source.unsplash.com/random/800x800/?img=1,https://source.unsplash.com/random/800x800/?img=1,2022-04-28T14:59:39.19z,test36@localhost.com,test36,test36@123,admin
37,0,37,https://source.unsplash.com/random/800x800/?img=1,https://source.unsplash.com/random/800x800/?img=1,2022-08-16T2:6:43.6z,test37@localhost.com,test37,test37@123,moderator
38,0,38,https://source.unsplash.com/random/800x800/?img=1,https://source.unsplash.com/random/800x800/?img=1,2022-01-18T2:12:18.25z,test38@localhost.com,test38,test38@123,guest
39,0,39,https://source.unsplash.com/random/800x800/?img=1,https://source.unsplash.com/random/800x800/?img=1,2022-07-3T9:36:30.28z,test39@localhost.com,test39,test39@123,guest
40,0,40,https://source.unsplash.com/random/800x800/?img=1,https://source.unsplash.com/random/800x800/?img=1,2022-06-22T8:27:20.12z,test40@localhost.com,test40,test40@123,seller
41,0,41,https://source.unsplash.com/random/800x800/?img=1,https://source.unsplash.com/random/800x800/?img=1,2022-06-27T14:13:46.7z,test41@localhost.com,test41,test41@123,moderator
42,0,42,https://source.unsplash.com/random/800x800/?img=1,https://source.unsplash.com/random/800x800/?img=1,2022-04-10T11:57:52.21z,test42@localhost.com,test42,test42@123,merchant
43,0,43,https://source.unsplash.com/random/800x800/?img=1,https://source.unsplash.com/random/800x800/?img=1,2022-04-2T7:31:20.7z,test43@localhost.com,test43,test43@123,buyer
44,0,44,https://source.unsplash.com/random/800x800/?img=1,https://source.unsplash.com/random/800x800/?img=1,2022-01-1T8:9:56.20z,test44@localhost.com,test44,test44@123,merchant
45,0,45,https://source.unsplash.com/random/800x800/?img=1,https://source.unsplash.com/random/800x800/?img=1,2022-01-12T16:54:59.13z,test45@localhost.com,test45,test45@123,merchant
46,0,46,https://source.unsplash.com/random/800x800/?img=1,https://source.unsplash.com/random/800x800/?img=1,2022-06-28T6:1:59.22z,test46@localhost.com,test46,test46@123,merchant
47,0,47,https://source.unsplash.com/random/800x800/?img=1,https://source.unsplash.com/random/800x800/?img=1,2022-07-4T17:58:38.19z,test47@localhost.com,test47,test47@123,moderator
48,0,48,https://source.unsplash.com/random/800x800/?img=1,https://source.unsplash.com/random/800x800/?img=1,2022-04-2T15:30:54.22z,test48@localhost.com,test48,test48@123,buyer
49,0,49,https://source.unsplash.com/random/800x800/?img=1,https://source.unsplash.com/random/800x800/?img=1,2022-08-28T11:32:1.9z,test49@localhost.com,test49,test49@123,moderator
50,0,50,https://source.unsplash.com/random/800x800/?img=1,https://source.unsplash.com/random/800x800/?img=1,2022-05-19T22:32:3.27z,test50@localhost.com,test50,test50@123,guest
51,0,51,https://source.unsplash.com/random/800x800/?img=1,https://source.unsplash.com/random/800x800/?img=1,2022-04-8T19:2:11.13z,test51@localhost.com,test51,test51@123,moderator
52,0,52,https://source.unsplash.com/random/800x800/?img=1,https://source.unsplash.com/random/800x800/?img=1,2022-03-6T9:6:43.3z,test52@localhost.com,test52,test52@123,moderator
53,0,53,https://source.unsplash.com/random/800x800/?img=1,https://source.unsplash.com/random/800x800/?img=1,2022-01-27T5:37:32.28z,test53@localhost.com,test53,test53@123,merchant
54,0,54,https://source.unsplash.com/random/800x800/?img=1,https://source.unsplash.com/random/800x800/?img=1,2022-06-25T10:12:23.17z,test54@localhost.com,test54,test54@123,moderator
55,0,55,https://source.unsplash.com/random/800x800/?img=1,https://source.unsplash.com/random/800x800/?img=1,2022-08-1T8:33:5.11z,test55@localhost.com,test55,test55@123,moderator
56,0,56,https://source.unsplash.com/random/800x800/?img=1,https://source.unsplash.com/random/800x800/?img=1,2022-08-10T21:56:54.2z,test56@localhost.com,test56,test56@123,merchant
57,0,57,https://source.unsplash.com/random/800x800/?img=1,https://source.unsplash.com/random/800x800/?img=1,2022-05-28T16:34:10.23z,test57@localhost.com,test57,test57@123,admin
58,0,58,https://source.unsplash.com/random/800x800/?img=1,https://source.unsplash.com/random/800x800/?img=1,2022-03-5T20:30:30.25z,test58@localhost.com,test58,test58@123,moderator
59,0,59,https://source.unsplash.com/random/800x800/?img=1,https://source.unsplash.com/random/800x800/?img=1,2022-06-19T1:14:55.2z,test59@localhost.com,test59,test59@123,buyer
60,0,60,https://source.unsplash.com/random/800x800/?img=1,https://source.unsplash.com/random/800x800/?img=1,2022-07-8T18:35:20.10z,test60@localhost.com,test60,test60@123,moderator
61,0,61,https://source.unsplash.com/random/800x800/?img=1,https://source.unsplash.com/random/800x800/?img=1,2022-04-26T15:10:42.28z,test61@localhost.com,test61,test61@123,admin
62,0,62,https://source.unsplash.com/random/800x800/?img=1,https://source.unsplash.com/random/800x800/?img=1,2022-04-17T21:50:10.6z,test62@localhost.com,test62,test62@123,seller
63,0,63,https://source.unsplash.com/random/800x800/?img=1,https://source.unsplash.com/random/800x800/?img=1,2022-06-14T6:48:5.8z,test63@localhost.com,test63,test63@123,guest
64,0,64,https://source.unsplash.com/random/800x800/?img=1,https://source.unsplash.com/random/800x800/?img=1,2022-01-16T16:35:9.24z,test64@localhost.com,test64,test64@123,guest
65,0,65,https://source.unsplash.com/random/800x800/?img=1,https://source.unsplash.com/random/800x800/?img=1,2022-05-7T21:4:11.23z,test65@localhost.com,test65,test65@123,buyer
66,0,66,https://source.unsplash.com/random/800x800/?img=1,https://source.unsplash.com/random/800x800/?img=1,2022-05-4T12:35:21.5z,test66@localhost.com,test66,test66@123,merchant
67,0,67,https://source.unsplash.com/random/800x800/?img=1,https://source.unsplash.com/random/800x800/?img=1,2022-08-1T21:20:58.14z,test67@localhost.com,test67,test67@123,moderator
68,0,68,https://source.unsplash.com/random/800x800/?img=1,https://source.unsplash.com/random/800x800/?img=1,2022-01-18T15:48:51.12z,test68@localhost.com,test68,test68@123,merchant
69,0,69,https://source.unsplash.com/random/800x800/?img=1,https://source.unsplash.com/random/800x800/?img=1,2022-07-15T4:55:58.11z,test69@localhost.com,test69,test69@123,guest
70,0,70,https://source.unsplash.com/random/800x800/?img=1,https://source.unsplash.com/random/800x800/?img=1,2022-04-21T7:48:39.26z,test70@localhost.com,test70,test70@123,admin
71,0,71,https://source.unsplash.com/random/800x800/?img=1,https://source.unsplash.com/random/800x800/?img=1,2022-08-6T22:9:54.16z,test71@localhost.com,test71,test71@123,guest
72,0,72,https://source.unsplash.com/random/800x800/?img=1,https://source.unsplash.com/random/800x800/?img=1,2022-03-26T20:9:8.26z,test72@localhost.com,test72,test72@123,moderator
73,0,73,https://source.unsplash.com/random/800x800/?img=1,https://source.unsplash.com/random/800x800/?img=1,2022-07-15T2:35:23.16z,test73@localhost.com,test73,test73@123,merchant
74,0,74,https://source.unsplash.com/random/800x800/?img=1,https://source.unsplash.com/random/800x800/?img=1,2022-02-5T10:20:39.28z,test74@localhost.com,test74,test74@123,guest
75,0,75,https://source.unsplash.com/random/800x800/?img=1,https://source.unsplash.com/random/800x800/?img=1,2022-06-22T17:17:12.24z,test75@localhost.com,test75,test75@123,guest
76,0,76,https://source.unsplash.com/random/800x800/?img=1,https://source.unsplash.com/random/800x800/?img=1,2022-08-16T12:39:55.21z,test76@localhost.com,test76,test76@123,guest
77,0,77,https://source.unsplash.com/random/800x800/?img=1,https://source.unsplash.com/random/800x800/?img=1,2022-01-15T12:50:22.6z,test77@localhost.com,test77,test77@123,seller
78,0,78,https://source.unsplash.com/random/800x800/?img=1,https://source.unsplash.com/random/800x800/?img=1,2022-07-12T18:48:45.28z,test78@localhost.com,test78,test78@123,buyer
79,0,79,https://source.unsplash.com/random/800x800/?img=1,https://source.unsplash.com/random/800x800/?img=1,2022-03-3T11:19:36.19z,test79@localhost.com,test79,test79@123,buyer
80,0,80,https://source.unsplash.com/random/800x800/?img=1,https://source.unsplash.com/random/800x800/?img=1,2022-03-13T21:1:1.2z,test80@localhost.com,test80,test80@123,merchant
81,0,81,https://source.unsplash.com/random/800x800/?img=1,https://source.unsplash.com/random/800x800/?img=1,2022-03-10T22:16:11.17z,test81@localhost.com,test81,test81@123,admin
82,0,82,https://source.unsplash.com/random/800x800/?img=1,https://source.unsplash.com/random/800x800/?img=1,2022-08-26T15:22:52.27z,test82@localhost.com,test82,test82@123,seller
83,0,83,https://source.unsplash.com/random/800x800/?img=1,https://source.unsplash.com/random/800x800/?img=1,2022-02-10T6:51:1.23z,test83@localhost.com,test83,test83@123,seller
84,0,84,https://source.unsplash.com/random/800x800/?img=1,https://source.unsplash.com/random/800x800/?img=1,2022-05-26T12:30:22.8z,test84@localhost.com,test84,test84@123,moderator
85,0,85,https://source.unsplash.com/random/800x800/?img=1,https://source.unsplash.com/random/800x800/?img=1,2022-02-26T5:29:58.12z,test85@localhost.com,test85,test85@123,seller
86,0,86,https://source.unsplash.com/random/800x800/?img=1,https://source.unsplash.com/random/800x800/?img=1,2022-02-13T12:22:27.6z,test86@localhost.com,test86,test86@123,admin
87,0,87,https://source.unsplash.com/random/800x800/?img=1,https://source.unsplash.com/random/800x800/?img=1,2022-02-20T4:39:44.18z,test87@localhost.com,test87,test87@123,guest
88,0,88,https://source.unsplash.com/random/800x800/?img=1,https://source.unsplash.com/random/800x800/?img=1,2022-07-14T3:23:31.20z,test88@localhost.com,test88,test88@123,admin
89,0,89,https://source.unsplash.com/random/800x800/?img=1,https://source.unsplash.com/random/800x800/?img=1,2022-03-14T16:3:53.17z,test89@localhost.com,test89,test89@123,buyer
90,0,90,https://source.unsplash.com/random/800x800/?img=1,https://source.unsplash.com/random/800x800/?img=1,2022-01-23T21:7:2.12z,test90@localhost.com,test90,test90@123,admin
91,0,91,https://source.unsplash.com/random/800x800/?img=1,https://source.unsplash.com/random/800x800/?img=1,2022-02-1T18:53:24.25z,test91@localhost.com,test91,test91@123,seller
92,0,92,https://source.unsplash.com/random/800x800/?img=1,https://source.unsplash.com/random/800x800/?img=1,2022-04-25T2:2:8.6z,test92@localhost.com,test92,test92@123,merchant
93,0,93,https://source.unsplash.com/random/800x800/?img=1,https://source.unsplash.com/random/800x800/?img=1,2022-05-22T1:13:34.8z,test93@localhost.com,test93,test93@123,admin
94,0,94,https://source.unsplash.com/random/800x800/?img=1,https://source.unsplash.com/random/800x800/?img=1,2022-04-23T20:8:42.22z,test94@localhost.com,test94,test94@123,merchant
95,0,95,https://source.unsplash.com/random/800x800/?img=1,https://source.unsplash.com/random/800x800/?img=1,2022-05-14T14:32:9.6z,test95@localhost.com,test95,test95@123,moderator
96,0,96,https://source.unsplash.com/random/800x800/?img=1,https://source.unsplash.com/random/800x800/?img=1,2022-04-6T17:22:14.16z,test96@localhost.com,test96,test96@123,moderator
97,0,97,https://source.unsplash.com/random/800x800/?img=1,https://source.unsplash.com/random/800x800/?img=1,2022-02-8T4:53:44.27z,test97@localhost.com,test97,test97@123,merchant
98,0,98,https://source.unsplash.com/random/800x800/?img=1,https://source.unsplash.com/random/800x800/?img=1,2022-07-19T10:11:31.7z,test98@localhost.com,test98,test98@123,buyer
99,0,99,https://source.unsplash.com/random/800x800/?img=1,https://source.unsplash.com/random/800x800/?img=1,2022-08-5T18:7:8.10z,test99@localhost.com,test99,test99@123,seller
100,0,100,https://source.unsplash.com/random/800x800/?img=1,https://source.unsplash.com/random/800x800/?img=1,2022-02-11T20:44:2.15z,test100@localhost.com,test100,test100@123,moderator
101,0,101,https://source.unsplash.com/random/800x800/?img=1,https://source.unsplash.com/random/800x800/?img=1,2022-02-9T18:58:31.25z,test101@localhost.com,test101,test101@123,admin
102,0,102,https://source.unsplash.com/random/800x800/?img=1,https://source.unsplash.com/random/800x800/?img=1,2022-03-3T7:36:41.16z,test102@localhost.com,test102,test102@123,admin
103,0,103,https://source.unsplash.com/random/800x800/?img=1,https://source.unsplash.com/random/800x800/?img=1,2022-05-26T12:13:5.10z,test103@localhost.com,test103,test103@123,moderator
104,0,104,https://source.unsplash.com/random/800x800/?img=1,https://source.unsplash.com/random/800x800/?img=1,2022-07-23T12:27:1.7z,test104@localhost.com,test104,test104@123,buyer
105,0,105,https://source.unsplash.com/random/800x800/?img=1,https://source.unsplash.com/random/800x800/?img=1,2022-08-27T1:47:7.19z,test105@localhost.com,test105,test105@123,guest
106,0,106,https://source.unsplash.com/random/800x800/?img=1,https://source.unsplash.com/random/800x800/?img=1,2022-05-27T22:5:55.3z,test106@localhost.com,test106,test106@123,buyer
107,0,107,https://source.unsplash.com/random/800x800/?img=1,https://source.unsplash.com/random/800x800/?img=1,2022-05-16T10:50:43.17z,test107@localhost.com,test107,test107@123,moderator
108,0,108,https://source.unsplash.com/random/800x800/?img=1,https://source.unsplash.com/random/800x800/?img=1,2022-03-13T16:7:43.4z,test108@localhost.com,test108,test108@123,moderator
109,0,109,https://source.unsplash.com/random/800x800/?img=1,https://source.unsplash.com/random/800x800/?img=1,2022-01-5T19:11:37.27z,test109@localhost.com,test109,test109@123,merchant
110,0,110,https://source.unsplash.com/random/800x800/?img=1,https://source.unsplash.com/random/800x800/?img=1,2022-05-19T7:13:15.10z,test110@localhost.com,test110,test110@123,guest
111,0,111,https://source.unsplash.com/random/800x800/?img=1,https://source.unsplash.com/random/800x800/?img=1,2022-05-28T2:20:2.28z,test111@localhost.com,test111,test111@123,merchant
112,0,112,https://source.unsplash.com/random/800x800/?img=1,https://source.unsplash.com/random/800x800/?img=1,2022-01-6T19:49:53.8z,test112@localhost.com,test112,test112@123,admin
113,0,113,https://source.unsplash.com/random/800x800/?img=1,https://source.unsplash.com/random/800x800/?img=1,2022-08-28T15:36:13.26z,test113@localhost.com,test113,test113@123,merchant
114,0,114,https://source.unsplash.com/random/800x800/?img=1,https://source.unsplash.com/random/800x800/?img=1,2022-05-7T15:21:48.1z,test114@localhost.com,test114,test114@123,admin
115,0,115,https://source.unsplash.com/random/800x800/?img=1,https://source.unsplash.com/random/800x800/?img=1,2022-04-17T22:46:13.2z,test115@localhost.com,test115,test115@123,seller
116,0,116,https://source.unsplash.com/random/800x800/?img=1,https://source.unsplash.com/random/800x800/?img=1,2022-01-16T18:51:2.1z,test116@localhost.com,test116,test116@123,merchant
117,0,117,https://source.unsplash.com/random/800x800/?img=1,https://source.unsplash.com/random/800x800/?img=1,2022-05-13T9:58:28.6z,test117@localhost.com,test117,test117@123,merchant
118,0,118,https://source.unsplash.com/random/800x800/?img=1,https://source.unsplash.com/random/800x800/?img=1,2022-06-13T3:12:24.1z,test118@localhost.com,test118,test118@123,merchant
119,0,119,https://source.unsplash.com/random/800x800/?img=1,https://source.unsplash.com/random/800x800/?img=1,2022-03-28T6:7:48.13z,test119@localhost.com,test119,test119@123,guest
120,0,120,https://source.unsplash.com/random/800x800/?img=1,https://source.unsplash.com/random/800x800/?img=1,2022-04-11T2:10:2.18z,test120@localhost.com,test120,test120@123,moderator
121,0,121,https://source.unsplash.com/random/800x800/?img=1,https://source.unsplash.com/random/800x800/?img=1,2022-07-24T5:42:6.23z,test121@localhost.com,test121,test121@123,guest
122,0,122,https://source.unsplash.com/random/800x800/?img=1,https://source.unsplash.com/random/800x800/?img=1,2022-07-11T7:17:29.12z,test122@localhost.com,test122,test122@123,admin
123,0,123,https://source.unsplash.com/random/800x800/?img=1,https://source.unsplash.com/random/800x800/?img=1,2022-02-16T4:7:21.5z,test123@localhost.com,test123,test123@123,admin
124,0,124,https://source.unsplash.com/random/800x800/?img=1,https://source.unsplash.com/random/800x800/?img=1,2022-02-14T8:46:38.16z,test124@localhost.com,test124,test124@123,admin
125,0,125,https://source.unsplash.com/random/800x800/?img=1,https://source.unsplash.com/random/800x800/?img=1,2022-08-7T11:41:19.25z,test125@localhost.com,test125,test125@123,merchant
126,0,126,https://source.unsplash.com/random/800x800/?img=1,https://source.unsplash.com/random/800x800/?img=1,2022-01-26T5:39:28.10z,test126@localhost.com,test126,test126@123,buyer
127,0,127,https://source.unsplash.com/random/800x800/?img=1,https://source.unsplash.com/random/800x800/?img=1,2022-08-9T6:46:41.15z,test127@localhost.com,test127,test127@123,seller
128,0,128,https://source.unsplash.com/random/800x800/?img=1,https://source.unsplash.com/random/800x800/?img=1,2022-08-26T14:34:1.1z,test128@localhost.com,test128,test128@123,moderator
129,0,129,https://source.unsplash.com/random/800x800/?img=1,https://source.unsplash.com/random/800x800/?img=1,2022-03-10T1:5:59.27z,test129@localhost.com,test129,test129@123,moderator
130,0,130,https://source.unsplash.com/random/800x800/?img=1,https://source.unsplash.com/random/800x800/?img=1,2022-07-9T6:37:6.25z,test130@localhost.com,test130,test130@123,moderator
131,0,131,https://source.unsplash.com/random/800x800/?img=1,https://source.unsplash.com/random/800x800/?img=1,2022-02-9T21:38:4.2z,test131@localhost.com,test131,test131@123,moderator
132,0,132,https://source.unsplash.com/random/800x800/?img=1,https://source.unsplash.com/random/800x800/?img=1,2022-02-18T14:20:35.28z,test132@localhost.com,test132,test132@123,merchant
133,0,133,https://source.unsplash.com/random/800x800/?img=1,https://source.unsplash.com/random/800x800/?img=1,2022-05-14T18:50:13.21z,test133@localhost.com,test133,test133@123,buyer
134,0,134,https://source.unsplash.com/random/800x800/?img=1,https://source.unsplash.com/random/800x800/?img=1,2022-04-16T14:3:38.19z,test134@localhost.com,test134,test134@123,admin
135,0,135,https://source.unsplash.com/random/800x800/?img=1,https://source.unsplash.com/random/800x800/?img=1,2022-01-22T21:27:41.10z,test135@localhost.com,test135,test135@123,merchant
136,0,136,https://source.unsplash.com/random/800x800/?img=1,https://source.unsplash.com/random/800x800/?img=1,2022-08-11T21:28:16.4z,test136@localhost.com,test136,test136@123,guest
137,0,137,https://source.unsplash.com/random/800x800/?img=1,https://source.unsplash.com/random/800x800/?img=1,2022-04-19T13:4:24.11z,test137@localhost.com,test137,test137@123,merchant
138,0,138,https://source.unsplash.com/random/800x800/?img=1,https://source.unsplash.com/random/800x800/?img=1,2022-07-21T15:18:33.12z,test138@localhost.com,test138,test138@123,merchant
139,0,139,https://source.unsplash.com/random/800x800/?img=1,https://source.unsplash.com/random/800x800/?img=1,2022-07-15T9:37:39.7z,test139@localhost.com,test139,test139@123,moderator
140,0,140,https://source.unsplash.com/random/800x800/?img=1,https://source.unsplash.com/random/800x800/?img=1,2022-06-5T5:45:8.1z,test140@localhost.com,test140,test140@123,admin
141,0,141,https://source.unsplash.com/random/800x800/?img=1,https://source.unsplash.com/random/800x800/?img=1,2022-03-20T8:43:52.15z,test141@localhost.com,test141,test141@123,admin
142,0,142,https://source.unsplash.com/random/800x800/?img=1,https://source.unsplash.com/random/800x800/?img=1,2022-01-20T22:24:46.7z,test142@localhost.com,test142,test142@123,admin
143,0,143,https://source.unsplash.com/random/800x800/?img=1,https://source.unsplash.com/random/800x800/?img=1,2022-07-6T19:8:22.19z,test143@localhost.com,test143,test143@123,seller
144,0,144,https://source.unsplash.com/random/800x800/?img=1,https://source.unsplash.com/random/800x800/?img=1,2022-05-19T19:24:34.11z,test144@localhost.com,test144,test144@123,merchant
145,0,145,https://source.unsplash.com/random/800x800/?img=1,https://source.unsplash.com/random/800x800/?img=1,2022-03-4T3:29:42.26z,test145@localhost.com,test145,test145@123,guest
146,0,146,https://source.unsplash.com/random/800x800/?img=1,https://source.unsplash.com/random/800x800/?img=1,2022-01-13T3:19:27.21z,test146@localhost.com,test146,test146@123,moderator
147,0,147,https://source.unsplash.com/random/800x800/?img=1,https://source.unsplash.com/random/800x800/?img=1,2022-05-24T6:59:39.24z,test147@localhost.com,test147,test147@123,buyer
148,0,148,https://source.unsplash.com/random/800x800/?img=1,https://source.unsplash.com/random/800x800/?img=1,2022-07-28T10:6:13.17z,test148@localhost.com,test148,test148@123,guest
149,0,149,https://source.unsplash.com/random/800x800/?img=1,https://source.unsplash.com/random/800x800/?img=1,2022-04-8T15:37:8.2z,test149@localhost.com,test149,test149@123,admin
150,0,150,https://source.unsplash.com/random/800x800/?img=1,https://source.unsplash.com/random/800x800/?img=1,2022-03-19T20:35:33.20z,test150@localhost.com,test150,test150@123,guest
151,0,151,https://source.unsplash.com/random/800x800/?img=1,https://source.unsplash.com/random/800x800/?img=1,2022-08-22T8:54:5.8z,test151@localhost.com,test151,test151@123,admin
152,0,152,https://source.unsplash.com/random/800x800/?img=1,https://source.unsplash.com/random/800x800/?img=1,2022-05-2T19:41:23.23z,test152@localhost.com,test152,test152@123,admin
153,0,153,https://source.unsplash.com/random/800x800/?img=1,https://source.unsplash.com/random/800x800/?img=1,2022-04-15T8:30:55.19z,test153@localhost.com,test153,test153@123,buyer
154,0,154,https://source.unsplash.com/random/800x800/?img=1,https://source.unsplash.com/random/800x800/?img=1,2022-02-10T1:11:39.16z,test154@localhost.com,test154,test154@123,merchant
155,0,155,https://source.unsplash.com/random/800x800/?img=1,https://source.unsplash.com/random/800x800/?img=1,2022-04-20T1:34:1.7z,test155@localhost.com,test155,test155@123,merchant
156,0,156,https://source.unsplash.com/random/800x800/?img=1,https://source.unsplash.com/random/800x800/?img=1,2022-07-17T13:12:5.23z,test156@localhost.com,test156,test156@123,admin
157,0,157,https://source.unsplash.com/random/800x800/?img=1,https://source.unsplash.com/random/800x800/?img=1,2022-05-26T18:28:49.9z,test157@localhost.com,test157,test157@123,buyer
158,0,158,https://source.unsplash.com/random/800x800/?img=1,https://source.unsplash.com/random/800x800/?img=1,2022-04-1T16:26:41.1z,test158@localhost.com,test158,test158@123,merchant
159,0,159,https://source.unsplash.com/random/800x800/?img=1,https://source.unsplash.com/random/800x800/?img=1,2022-01-26T4:28:19.11z,test159@localhost.com,test159,test159@123,admin
160,0,160,https://source.unsplash.com/random/800x800/?img=1,https://source.unsplash.com/random/800x800/?img=1,2022-08-14T11:7:51.13z,test160@localhost.com,test160,test160@123,admin
161,0,161,https://source.unsplash.com/random/800x800/?img=1,https://source.unsplash.com/random/800x800/?img=1,2022-03-7T1:21:1.6z,test161@localhost.com,test161,test161@123,buyer
162,0,162,https://source.unsplash.com/random/800x800/?img=1,https://source.unsplash.com/random/800x800/?img=1,2022-01-21T9:21:25.9z,test162@localhost.com,test162,test162@123,moderator
163,0,163,https://source.unsplash.com/random/800x800/?img=1,https://source.unsplash.com/random/800x800/?img=1,2022-06-23T10:52:48.13z,test163@localhost.com,test163,test163@123,moderator
164,0,164,https://source.unsplash.com/random/800x800/?img=1,https://source.unsplash.com/random/800x800/?img=1,2022-06-16T15:12:43.19z,test164@localhost.com,test164,test164@123,moderator
165,0,165,https://source.unsplash.com/random/800x800/?img=1,https://source.unsplash.com/random/800x800/?img=1,2022-03-23T19:36:49.7z,test165@localhost.com,test165,test165@123,seller
166,0,166,https://source.unsplash.com/random/800x800/?img=1,https://source.unsplash.com/random/800x800/?img=1,2022-02-4T17:30:53.23z,test166@localhost.com,test166,test166@123,seller
167,0,167,https://source.unsplash.com/random/800x800/?img=1,https://source.unsplash.com/random/800x800/?img=1,2022-05-13T13:30:27.27z,test167@localhost.com,test167,test167@123,guest
168,0,168,https://source.unsplash.com/random/800x800/?img=1,https://source.unsplash.com/random/800x800/?img=1,2022-07-24T16:50:45.6z,test168@localhost.com,test168,test168@123,merchant
169,0,169,https://source.unsplash.com/random/800x800/?img=1,https://source.unsplash.com/random/800x800/?img=1,2022-01-15T22:24:38.16z,test169@localhost.com,test169,test169@123,guest
170,0,170,https://source.unsplash.com/random/800x800/?img=1,https://source.unsplash.com/random/800x800/?img=1,2022-08-6T3:20:24.27z,test170@localhost.com,test170,test170@123,seller
171,0,171,https://source.unsplash.com/random/800x800/?img=1,https://source.unsplash.com/random/800x800/?img=1,2022-02-23T1:33:40.26z,test171@localhost.com,test171,test171@123,moderator
172,0,172,https://source.unsplash.com/random/800x800/?img=1,https://source.unsplash.com/random/800x800/?img=1,2022-04-24T22:47:19.12z,test172@localhost.com,test172,test172@123,admin
173,0,173,https://source.unsplash.com/random/800x800/?img=1,https://source.unsplash.com/random/800x800/?img=1,2022-05-13T5:6:52.15z,test173@localhost.com,test173,test173@123,merchant
174,0,174,https://source.unsplash.com/random/800x800/?img=1,https://source.unsplash.com/random/800x800/?img=1,2022-01-5T8:10:38.28z,test174@localhost.com,test174,test174@123,moderator
175,0,175,https://source.unsplash.com/random/800x800/?img=1,https://source.unsplash.com/random/800x800/?img=1,2022-02-9T21:9:48.24z,test175@localhost.com,test175,test175@123,moderator
176,0,176,https://source.unsplash.com/random/800x800/?img=1,https://source.unsplash.com/random/800x800/?img=1,2022-02-27T11:22:47.19z,test176@localhost.com,test176,test176@123,moderator
177,0,177,https://source.unsplash.com/random/800x800/?img=1,https://source.unsplash.com/random/800x800/?img=1,2022-03-24T19:54:18.21z,test177@localhost.com,test177,test177@123,seller
178,0,178,https://source.unsplash.com/random/800x800/?img=1,https://source.unsplash.com/random/800x800/?img=1,2022-01-1T15:25:18.25z,test178@localhost.com,test178,test178@123,buyer
179,0,179,https://source.unsplash.com/random/800x800/?img=1,https://source.unsplash.com/random/800x800/?img=1,2022-05-10T4:50:10.15z,test179@localhost.com,test179,test179@123,guest
180,0,180,https://source.unsplash.com/random/800x800/?img=1,https://source.unsplash.com/random/800x800/?img=1,2022-07-12T15:47:34.13z,test180@localhost.com,test180,test180@123,merchant
181,0,181,https://source.unsplash.com/random/800x800/?img=1,https://source.unsplash.com/random/800x800/?img=1,2022-01-6T19:27:14.4z,test181@localhost.com,test181,test181@123,seller
182,0,182,https://source.unsplash.com/random/800x800/?img=1,https://source.unsplash.com/random/800x800/?img=1,2022-07-14T10:18:26.24z,test182@localhost.com,test182,test182@123,guest
183,0,183,https://source.unsplash.com/random/800x800/?img=1,https://source.unsplash.com/random/800x800/?img=1,2022-08-6T1:15:22.3z,test183@localhost.com,test183,test183@123,merchant
184,0,184,https://source.unsplash.com/random/800x800/?img=1,https://source.unsplash.com/random/800x800/?img=1,2022-07-2T21:30:53.22z,test184@localhost.com,test184,test184@123,admin
185,0,185,https://source.unsplash.com/random/800x800/?img=1,https://source.unsplash.com/random/800x800/?img=1,2022-05-11T18:51:6.26z,test185@localhost.com,test185,test185@123,merchant
186,0,186,https://source.unsplash.com/random/800x800/?img=1,https://source.unsplash.com/random/800x800/?img=1,2022-08-11T4:53:47.7z,test186@localhost.com,test186,test186@123,seller
187,0,187,https://source.unsplash.com/random/800x800/?img=1,https://source.unsplash.com/random/800x800/?img=1,2022-03-28T2:43:29.23z,test187@localhost.com,test187,test187@123,admin
188,0,188,https://source.unsplash.com/random/800x800/?img=1,https://source.unsplash.com/random/800x800/?img=1,2022-06-24T19:34:14.19z,test188@localhost.com,test188,test188@123,merchant
189,0,189,https://source.unsplash.com/random/800x800/?img=1,https://source.unsplash.com/random/800x800/?img=1,2022-02-19T19:7:46.4z,test189@localhost.com,test189,test189@123,moderator
190,0,190,https://source.unsplash.com/random/800x800/?img=1,https://source.unsplash.com/random/800x800/?img=1,2022-01-22T2:29:47.27z,test190@localhost.com,test190,test190@123,buyer
191,0,191,https://source.unsplash.com/random/800x800/?img=1,https://source.unsplash.com/random/800x800/?img=1,2022-06-3T6:6:16.6z,test191@localhost.com,test191,test191@123,moderator
192,0,192,https://source.unsplash.com/random/800x800/?img=1,https://source.unsplash.com/random/800x800/?img=1,2022-02-9T12:55:19.12z,test192@localhost.com,test192,test192@123,seller
193,0,193,https://source.unsplash.com/random/800x800/?img=1,https://source.unsplash.com/random/800x800/?img=1,2022-01-17T11:53:59.10z,test193@localhost.com,test193,test193@123,merchant
194,0,194,https://source.unsplash.com/random/800x800/?img=1,https://source.unsplash.com/random/800x800/?img=1,2022-06-6T9:52:9.22z,test194@localhost.com,test194,test194@123,admin
195,0,195,https://source.unsplash.com/random/800x800/?img=1,https://source.unsplash.com/random/800x800/?img=1,2022-02-21T17:54:40.6z,test195@localhost.com,test195,test195@123,merchant
196,0,196,https://source.unsplash.com/random/800x800/?img=1,https://source.unsplash.com/random/800x800/?img=1,2022-01-23T20:10:17.13z,test196@localhost.com,test196,test196@123,guest
197,0,197,https://source.unsplash.com/random/800x800/?img=1,https://source.unsplash.com/random/800x800/?img=1,2022-03-26T13:20:22.1z,test197@localhost.com,test197,test197@123,seller
198,0,198,https://source.unsplash.com/random/800x800/?img=1,https://source.unsplash.com/random/800x800/?img=1,2022-07-18T2:26:8.18z,test198@localhost.com,test198,test198@123,seller
199,0,199,https://source.unsplash.com/random/800x800/?img=1,https://source.unsplash.com/random/800x800/?img=1,2022-01-18T17:26:31.13z,test199@localhost.com,test199,test199@123,admin
200,0,200,https://source.unsplash.com/random/800x800/?img=1,https://source.unsplash.com/random/800x800/?img=1,2022-05-14T7:39:50.6z,test200@localhost.com,test200,test200@123,guest
201,0,201,https://source.unsplash.com/random/800x800/?img=1,https://source.unsplash.com/random/800x800/?img=1,2022-06-24T3:29:31.7z,test201@localhost.com,test201,test201@123,merchant
202,0,202,https://source.unsplash.com/random/800x800/?img=1,https://source.unsplash.com/random/800x800/?img=1,2022-03-15T12:10:17.3z,test202@localhost.com,test202,test202@123,admin
203,0,203,https://source.unsplash.com/random/800x800/?img=1,https://source.unsplash.com/random/800x800/?img=1,2022-04-24T5:48:55.3z,test203@localhost.com,test203,test203@123,merchant
204,0,204,https://source.unsplash.com/random/800x800/?img=1,https://source.unsplash.com/random/800x800/?img=1,2022-06-17T17:3:8.16z,test204@localhost.com,test204,test204@123,seller
205,0,205,https://source.unsplash.com/random/800x800/?img=1,https://source.unsplash.com/random/800x800/?img=1,2022-04-22T3:14:29.24z,test205@localhost.com,test205,test205@123,moderator
206,0,206,https://source.unsplash.com/random/800x800/?img=1,https://source.unsplash.com/random/800x800/?img=1,2022-07-23T9:8:52.8z,test206@localhost.com,test206,test206@123,merchant
207,0,207,https://source.unsplash.com/random/800x800/?img=1,https://source.unsplash.com/random/800x800/?img=1,2022-05-8T14:3:44.9z,test207@localhost.com,test207,test207@123,seller
208,0,208,https://source.unsplash.com/random/800x800/?img=1,https://source.unsplash.com/random/800x800/?img=1,2022-08-27T5:20:45.24z,test208@localhost.com,test208,test208@123,guest
209,0,209,https://source.unsplash.com/random/800x800/?img=1,https://source.unsplash.com/random/800x800/?img=1,2022-08-2T8:40:33.14z,test209@localhost.com,test209,test209@123,buyer
210,0,210,https://source.unsplash.com/random/800x800/?img=1,https://source.unsplash.com/random/800x800/?img=1,2022-02-14T17:59:22.26z,test210@localhost.com,test210,test210@123,moderator
211,0,211,https://source.unsplash.com/random/800x800/?img=1,https://source.unsplash.com/random/800x800/?img=1,2022-04-4T8:14:21.6z,test211@localhost.com,test211,test211@123,buyer
212,0,212,https://source.unsplash.com/random/800x800/?img=1,https://source.unsplash.com/random/800x800/?img=1,2022-06-15T15:7:12.8z,test212@localhost.com,test212,test212@123,admin
213,0,213,https://source.unsplash.com/random/800x800/?img=1,https://source.unsplash.com/random/800x800/?img=1,2022-06-11T7:46:18.12z,test213@localhost.com,test213,test213@123,moderator
214,0,214,https://source.unsplash.com/random/800x800/?img=1,https://source.unsplash.com/random/800x800/?img=1,2022-03-19T21:4:42.26z,test214@localhost.com,test214,test214@123,guest
215,0,215,https://source.unsplash.com/random/800x800/?img=1,https://source.unsplash.com/random/800x800/?img=1,2022-08-6T2:6:26.10z,test215@localhost.com,test215,test215@123,seller
216,0,216,https://source.unsplash.com/random/800x800/?img=1,https://source.unsplash.com/random/800x800/?img=1,2022-05-4T4:10:55.1z,test216@localhost.com,test216,test216@123,seller
217,0,217,https://source.unsplash.com/random/800x800/?img=1,https://source.unsplash.com/random/800x800/?img=1,2022-02-20T1:24:26.19z,test217@localhost.com,test217,test217@123,guest
218,0,218,https://source.unsplash.com/random/800x800/?img=1,https://source.unsplash.com/random/800x800/?img=1,2022-04-3T21:29:49.10z,test218@localhost.com,test218,test218@123,moderator
219,0,219,https://source.unsplash.com/random/800x800/?img=1,https://source.unsplash.com/random/800x800/?img=1,2022-01-21T18:44:55.27z,test219@localhost.com,test219,test219@123,merchant
220,0,220,https://source.unsplash.com/random/800x800/?img=1,https://source.unsplash.com/random/800x800/?img=1,2022-07-26T13:11:42.22z,test220@localhost.com,test220,test220@123,buyer
221,0,221,https://source.unsplash.com/random/800x800/?img=1,https://source.unsplash.com/random/800x800/?img=1,2022-02-9T15:16:35.7z,test221@localhost.com,test221,test221@123,seller
222,0,222,https://source.unsplash.com/random/800x800/?img=1,https://source.unsplash.com/random/800x800/?img=1,2022-03-24T21:39:26.18z,test222@localhost.com,test222,test222@123,buyer
223,0,223,https://source.unsplash.com/random/800x800/?img=1,https://source.unsplash.com/random/800x800/?img=1,2022-02-17T12:49:38.20z,test223@localhost.com,test223,test223@123,merchant
224,0,224,https://source.unsplash.com/random/800x800/?img=1,https://source.unsplash.com/random/800x800/?img=1,2022-02-28T4:38:34.3z,test224@localhost.com,test224,test224@123,seller
225,0,225,https://source.unsplash.com/random/800x800/?img=1,https://source.unsplash.com/random/800x800/?img=1,2022-03-1T17:32:38.3z,test225@localhost.com,test225,test225@123,moderator
226,0,226,https://source.unsplash.com/random/800x800/?img=1,https://source.unsplash.com/random/800x800/?img=1,2022-06-2T15:23:46.14z,test226@localhost.com,test226,test226@123,moderator
227,0,227,https://source.unsplash.com/random/800x800/?img=1,https://source.unsplash.com/random/800x800/?img=1,2022-06-6T19:24:57.9z,test227@localhost.com,test227,test227@123,moderator
228,0,228,https://source.unsplash.com/random/800x800/?img=1,https://source.unsplash.com/random/800x800/?img=1,2022-02-5T22:21:41.22z,test228@localhost.com,test228,test228@123,admin
229,0,229,https://source.unsplash.com/random/800x800/?img=1,https://source.unsplash.com/random/800x800/?img=1,2022-05-9T15:54:48.24z,test229@localhost.com,test229,test229@123,guest
230,0,230,https://source.unsplash.com/random/800x800/?img=1,https://source.unsplash.com/random/800x800/?img=1,2022-07-21T15:22:35.5z,test230@localhost.com,test230,test230@123,admin
231,0,231,https://source.unsplash.com/random/800x800/?img=1,https://source.unsplash.com/random/800x800/?img=1,2022-08-3T17:47:46.25z,test231@localhost.com,test231,test231@123,admin
232,0,232,https://source.unsplash.com/random/800x800/?img=1,https://source.unsplash.com/random/800x800/?img=1,2022-01-21T11:55:13.6z,test232@localhost.com,test232,test232@123,admin
233,0,233,https://source.unsplash.com/random/800x800/?img=1,https://source.unsplash.com/random/800x800/?img=1,2022-08-5T11:34:55.21z,test233@localhost.com,test233,test233@123,seller
234,0,234,https://source.unsplash.com/random/800x800/?img=1,https://source.unsplash.com/random/800x800/?img=1,2022-06-17T5:40:15.28z,test234@localhost.com,test234,test234@123,merchant
235,0,235,https://source.unsplash.com/random/800x800/?img=1,https://source.unsplash.com/random/800x800/?img=1,2022-01-20T7:48:8.3z,test235@localhost.com,test235,test235@123,moderator
236,0,236,https://source.unsplash.com/random/800x800/?img=1,https://source.unsplash.com/random/800x800/?img=1,2022-04-10T1:32:27.14z,test236@localhost.com,test236,test236@123,guest
237,0,237,https://source.unsplash.com/random/800x800/?img=1,https://source.unsplash.com/random/800x800/?img=1,2022-04-27T2:48:53.19z,test237@localhost.com,test237,test237@123,merchant
238,0,238,https://source.unsplash.com/random/800x800/?img=1,https://source.unsplash.com/random/800x800/?img=1,2022-05-11T11:2:53.27z,test238@localhost.com,test238,test238@123,merchant
239,0,239,https://source.unsplash.com/random/800x800/?img=1,https://source.unsplash.com/random/800x800/?img=1,2022-04-16T18:28:49.8z,test239@localhost.com,test239,test239@123,seller
240,0,240,https://source.unsplash.com/random/800x800/?img=1,https://source.unsplash.com/random/800x800/?img=1,2022-02-11T5:57:27.3z,test240@localhost.com,test240,test240@123,merchant
241,0,241,https://source.unsplash.com/random/800x800/?img=1,https://source.unsplash.com/random/800x800/?img=1,2022-08-19T5:49:50.22z,test241@localhost.com,test241,test241@123,seller
242,0,242,https://source.unsplash.com/random/800x800/?img=1,https://source.unsplash.com/random/800x800/?img=1,2022-01-12T8:19:25.21z,test242@localhost.com,test242,test242@123,guest
243,0,243,https://source.unsplash.com/random/800x800/?img=1,https://source.unsplash.com/random/800x800/?img=1,2022-06-20T6:26:10.21z,test243@localhost.com,test243,test243@123,moderator
244,0,244,https://source.unsplash.com/random/800x800/?img=1,https://source.unsplash.com/random/800x800/?img=1,2022-01-16T11:25:16.11z,test244@localhost.com,test244,test244@123,merchant
245,0,245,https://source.unsplash.com/random/800x800/?img=1,https://source.unsplash.com/random/800x800/?img=1,2022-06-21T6:28:15.14z,test245@localhost.com,test245,test245@123,buyer
246,0,246,https://source.unsplash.com/random/800x800/?img=1,https://source.unsplash.com/random/800x800/?img=1,2022-05-12T4:23:49.4z,test246@localhost.com,test246,test246@123,buyer
247,0,247,https://source.unsplash.com/random/800x800/?img=1,https://source.unsplash.com/random/800x800/?img=1,2022-07-15T17:37:12.7z,test247@localhost.com,test247,test247@123,guest
248,0,248,https://source.unsplash.com/random/800x800/?img=1,https://source.unsplash.com/random/800x800/?img=1,2022-04-25T13:38:54.18z,test248@localhost.com,test248,test248@123,moderator
249,0,249,https://source.unsplash.com/random/800x800/?img=1,https://source.unsplash.com/random/800x800/?img=1,2022-07-6T15:33:24.9z,test249@localhost.com,test249,test249@123,merchant
250,0,250,https://source.unsplash.com/random/800x800/?img=1,https://source.unsplash.com/random/800x800/?img=1,2022-03-26T10:32:37.25z,test250@localhost.com,test250,test250@123,merchant
251,0,251,https://source.unsplash.com/random/800x800/?img=1,https://source.unsplash.com/random/800x800/?img=1,2022-06-28T7:51:11.23z,test251@localhost.com,test251,test251@123,guest
252,0,252,https://source.unsplash.com/random/800x800/?img=1,https://source.unsplash.com/random/800x800/?img=1,2022-03-27T17:33:27.13z,test252@localhost.com,test252,test252@123,guest
253,0,253,https://source.unsplash.com/random/800x800/?img=1,https://source.unsplash.com/random/800x800/?img=1,2022-06-28T18:7:1.5z,test253@localhost.com,test253,test253@123,moderator
254,0,254,https://source.unsplash.com/random/800x800/?img=1,https://source.unsplash.com/random/800x800/?img=1,2022-08-19T10:56:14.15z,test254@localhost.com,test254,test254@123,moderator
255,0,255,https://source.unsplash.com/random/800x800/?img=1,https://source.unsplash.com/random/800x800/?img=1,2022-08-26T5:22:34.6z,test255@localhost.com,test255,test255@123,seller
256,0,256,https://source.unsplash.com/random/800x800/?img=1,https://source.unsplash.com/random/800x800/?img=1,2022-04-23T6:14:51.1z,test256@localhost.com,test256,test256@123,admin
257,0,257,https://source.unsplash.com/random/800x800/?img=1,https://source.unsplash.com/random/800x800/?img=1,2022-01-8T2:39:38.16z,test257@localhost.com,test257,test257@123,merchant
258,0,258,https://source.unsplash.com/random/800x800/?img=1,https://source.unsplash.com/random/800x800/?img=1,2022-01-9T21:15:28.23z,test258@localhost.com,test258,test258@123,guest
259,0,259,https://source.unsplash.com/random/800x800/?img=1,https://source.unsplash.com/random/800x800/?img=1,2022-02-22T20:35:52.24z,test259@localhost.com,test259,test259@123,merchant
260,0,260,https://source.unsplash.com/random/800x800/?img=1,https://source.unsplash.com/random/800x800/?img=1,2022-06-8T16:53:6.10z,test260@localhost.com,test260,test260@123,admin
261,0,261,https://source.unsplash.com/random/800x800/?img=1,https://source.unsplash.com/random/800x800/?img=1,2022-02-25T2:45:5.24z,test261@localhost.com,test261,test261@123,merchant
262,0,262,https://source.unsplash.com/random/800x800/?img=1,https://source.unsplash.com/random/800x800/?img=1,2022-03-17T10:55:21.19z,test262@localhost.com,test262,test262@123,merchant
263,0,263,https://source.unsplash.com/random/800x800/?img=1,https://source.unsplash.com/random/800x800/?img=1,2022-05-23T7:48:18.25z,test263@localhost.com,test263,test263@123,buyer
264,0,264,https://source.unsplash.com/random/800x800/?img=1,https://source.unsplash.com/random/800x800/?img=1,2022-07-20T3:32:34.25z,test264@localhost.com,test264,test264@123,seller
265,0,265,https://source.unsplash.com/random/800x800/?img=1,https://source.unsplash.com/random/800x800/?img=1,2022-05-28T7:12:52.16z,test265@localhost.com,test265,test265@123,buyer
266,0,266,https://source.unsplash.com/random/800x800/?img=1,https://source.unsplash.com/random/800x800/?img=1,2022-03-9T17:19:26.2z,test266@localhost.com,test266,test266@123,moderator
267,0,267,https://source.unsplash.com/random/800x800/?img=1,https://source.unsplash.com/random/800x800/?img=1,2022-02-6T19:18:48.7z,test267@localhost.com,test267,test267@123,seller
268,0,268,https://source.unsplash.com/random/800x800/?img=1,https://source.unsplash.com/random/800x800/?img=1,2022-05-11T22:3:23.5z,test268@localhost.com,test268,test268@123,guest
269,0,269,https://source.unsplash.com/random/800x800/?img=1,https://source.unsplash.com/random/800x800/?img=1,2022-07-16T3:4:25.4z,test269@localhost.com,test269,test269@123,merchant
270,0,270,https://source.unsplash.com/random/800x800/?img=1,https://source.unsplash.com/random/800x800/?img=1,2022-04-10T22:2:30.13z,test270@localhost.com,test270,test270@123,buyer
271,0,271,https://source.unsplash.com/random/800x800/?img=1,https://source.unsplash.com/random/800x800/?img=1,2022-05-10T16:39:59.10z,test271@localhost.com,test271,test271@123,merchant
272,0,272,https://source.unsplash.com/random/800x800/?img=1,https://source.unsplash.com/random/800x800/?img=1,2022-01-8T17:34:24.7z,test272@localhost.com,test272,test272@123,seller
273,0,273,https://source.unsplash.com/random/800x800/?img=1,https://source.unsplash.com/random/800x800/?img=1,2022-05-2T6:40:21.1z,test273@localhost.com,test273,test273@123,seller
274,0,274,https://source.unsplash.com/random/800x800/?img=1,https://source.unsplash.com/random/800x800/?img=1,2022-04-17T13:54:14.24z,test274@localhost.com,test274,test274@123,merchant
275,0,275,https://source.unsplash.com/random/800x800/?img=1,https://source.unsplash.com/random/800x800/?img=1,2022-03-7T3:36:16.1z,test275@localhost.com,test275,test275@123,merchant
276,0,276,https://source.unsplash.com/random/800x800/?img=1,https://source.unsplash.com/random/800x800/?img=1,2022-04-25T14:21:17.16z,test276@localhost.com,test276,test276@123,admin
277,0,277,https://source.unsplash.com/random/800x800/?img=1,https://source.unsplash.com/random/800x800/?img=1,2022-07-24T11:37:44.15z,test277@localhost.com,test277,test277@123,guest
278,0,278,https://source.unsplash.com/random/800x800/?img=1,https://source.unsplash.com/random/800x800/?img=1,2022-01-21T1:1:4.21z,test278@localhost.com,test278,test278@123,seller
279,0,279,https://source.unsplash.com/random/800x800/?img=1,https://source.unsplash.com/random/800x800/?img=1,2022-06-2T4:22:13.3z,test279@localhost.com,test279,test279@123,merchant
280,0,280,https://source.unsplash.com/random/800x800/?img=1,https://source.unsplash.com/random/800x800/?img=1,2022-02-14T22:39:47.17z,test280@localhost.com,test280,test280@123,admin
281,0,281,https://source.unsplash.com/random/800x800/?img=1,https://source.unsplash.com/random/800x800/?img=1,2022-06-22T19:43:40.18z,test281@localhost.com,test281,test281@123,buyer
282,0,282,https://source.unsplash.com/random/800x800/?img=1,https://source.unsplash.com/random/800x800/?img=1,2022-02-2T14:35:28.14z,test282@localhost.com,test282,test282@123,guest
283,0,283,https://source.unsplash.com/random/800x800/?img=1,https://source.unsplash.com/random/800x800/?img=1,2022-01-18T15:54:56.3z,test283@localhost.com,test283,test283@123,admin
284,0,284,https://source.unsplash.com/random/800x800/?img=1,https://source.unsplash.com/random/800x800/?img=1,2022-01-11T20:29:2.27z,test284@localhost.com,test284,test284@123,admin
285,0,285,https://source.unsplash.com/random/800x800/?img=1,https://source.unsplash.com/random/800x800/?img=1,2022-07-8T22:40:5.4z,test285@localhost.com,test285,test285@123,buyer
286,0,286,https://source.unsplash.com/random/800x800/?img=1,https://source.unsplash.com/random/800x800/?img=1,2022-04-26T1:33:14.28z,test286@localhost.com,test286,test286@123,admin
287,0,287,https://source.unsplash.com/random/800x800/?img=1,https://source.unsplash.com/random/800x800/?img=1,2022-07-22T17:18:18.9z,test287@localhost.com,test287,test287@123,merchant
288,0,288,https://source.unsplash.com/random/800x800/?img=1,https://source.unsplash.com/random/800x800/?img=1,2022-03-21T14:27:56.9z,test288@localhost.com,test288,test288@123,buyer
289,0,289,https://source.unsplash.com/random/800x800/?img=1,https://source.unsplash.com/random/800x800/?img=1,2022-01-24T17:32:56.12z,test289@localhost.com,test289,test289@123,seller
290,0,290,https://source.unsplash.com/random/800x800/?img=1,https://source.unsplash.com/random/800x800/?img=1,2022-01-20T17:52:2.27z,test290@localhost.com,test290,test290@123,merchant
291,0,291,https://source.unsplash.com/random/800x800/?img=1,https://source.unsplash.com/random/800x800/?img=1,2022-05-27T20:46:30.8z,test291@localhost.com,test291,test291@123,admin
292,0,292,https://source.unsplash.com/random/800x800/?img=1,https://source.unsplash.com/random/800x800/?img=1,2022-01-7T1:49:22.28z,test292@localhost.com,test292,test292@123,merchant
293,0,293,https://source.unsplash.com/random/800x800/?img=1,https://source.unsplash.com/random/800x800/?img=1,2022-03-21T15:23:2.2z,test293@localhost.com,test293,test293@123,merchant
294,0,294,https://source.unsplash.com/random/800x800/?img=1,https://source.unsplash.com/random/800x800/?img=1,2022-01-25T2:37:36.7z,test294@localhost.com,test294,test294@123,seller
295,0,295,https://source.unsplash.com/random/800x800/?img=1,https://source.unsplash.com/random/800x800/?img=1,2022-08-18T11:7:25.4z,test295@localhost.com,test295,test295@123,merchant
296,0,296,https://source.unsplash.com/random/800x800/?img=1,https://source.unsplash.com/random/800x800/?img=1,2022-08-19T2:52:3.2z,test296@localhost.com,test296,test296@123,moderator
297,0,297,https://source.unsplash.com/random/800x800/?img=1,https://source.unsplash.com/random/800x800/?img=1,2022-04-27T21:33:22.24z,test297@localhost.com,test297,test297@123,moderator
298,0,298,https://source.unsplash.com/random/800x800/?img=1,https://source.unsplash.com/random/800x800/?img=1,2022-08-11T9:37:48.10z,test298@localhost.com,test298,test298@123,seller
299,0,299,https://source.unsplash.com/random/800x800/?img=1,https://source.unsplash.com/random/800x800/?img=1,2022-08-20T17:56:35.19z,test299@localhost.com,test299,test299@123,admin
300,0,300,https://source.unsplash.com/random/800x800/?img=1,https://source.unsplash.com/random/800x800/?img=1,2022-06-16T5:9:26.26z,test300@localhost.com,test300,test300@123,buyer
